Brand,Competitive,Related
Divvy,[],[]
Chicago Park District,"['Forest Preserve District of Cook County', 'Chess Tables']","['Four Seasons (Chagall)', 'The Bowman and The Spearman']"
Chicago Public Schools,[],"['Chicago Fire Department', 'South Shore High School (Chicago)', 'The University of Chicago', 'William Howard Taft High School (Chicago)', 'Senn High School', 'Chicago Public Library', 'Illinois Institute of Art – Chicago', 'Orr Academy High School', 'Julian High School (Chicago)', 'Garfield Park (Chicago)', 'Hancock High School (Chicago)', 'Maine West High School']"
Dunkin',"['Panda Express', 'Little Caesars', 'Chipotle', 'Burger King', 'Potbelly', ""Lou Malnati's Pizzeria"", ""Giordano's Pizzeria"", ""Domino's"", 'Taco Bell', ""Wendy's"", 'Checkers', 'Panera Bread', 'White Castle', ""Jimmy John's"", ""McDonald's"", 'Wingstop', 'Subway']","['Billy Goat Tavern', 'White Castle', 'Shake Shack', ""Culver's"", 'Joe & The Juice', ""Peet's Coffee"", 'Subway', ""Auntie Anne's"", 'Louisiana Famous Fried Chicken', 'Philz Coffee', ""Steak 'n Shake"", 'Dairy Queen', 'Starbucks Reserve', 'Au Bon Pain', 'Pret A Manger', 'Burger King', 'Krispy Krunchy Chicken', ""Domino's"", 'Panera Bread', ""Seattle's Best Coffee"", ""McDonald's"", 'La Colombe Coffee', ""Wendy's"", 'KFC']"
Shell,"['Amstar', 'BP', 'Marathon', 'GoLo', 'Citgo', 'Tesla Supercharger', 'Mobil']","['Circle K', '7-Eleven', 'AT&T', 'Clark', 'BP Shop']"
Citgo,"['Amstar', 'BP', 'Marathon', 'Shell', 'GoLo', 'Tesla Supercharger', 'Mobil']","['Circle K', '7-Eleven']"
Subway,"['Panda Express', 'Little Caesars', 'Chipotle', 'Potbelly', 'Burger King', ""Lou Malnati's Pizzeria"", ""Giordano's Pizzeria"", ""Domino's"", 'Panera Bread', ""Wendy's"", 'Checkers', 'White Castle', ""Dunkin'"", ""Jimmy John's"", ""McDonald's"", 'Wingstop', 'Taco Bell']","['Little Caesars', 'Billy Goat Tavern', 'White Castle', 'Shake Shack', ""Dunkin'"", ""Culver's"", 'Joe & The Juice', 'Panda Express', 'Jollibee', ""Auntie Anne's"", ""Steak 'n Shake"", 'Louisiana Famous Fried Chicken', ""Jimmy John's"", 'Dairy Queen', 'Starbucks Reserve', 'Hooters', 'Taco Bell', 'Five Guys', 'Pizza Hut', 'Starbucks', ""Jersey Mike's Subs"", 'Pret A Manger', 'Burger King', 'Krispy Krunchy Chicken', ""Domino's"", 'Panera Bread', ""Seattle's Best Coffee"", 'Buffalo Wild Wings', 'Pollo Campero', ""Arby's"", ""Chili's"", ""McDonald's"", ""Church's Chicken"", 'Chipotle', 'Potbelly', 'Vapiano', ""Nando's"", ""Wendy's"", 'Popeyes', 'KFC', 'IHOP']"
Starbucks,"[""Peet's Coffee"", 'Corner Bakery']","[""Jersey Mike's Subs"", 'Billy Goat Tavern', 'Potbelly', 'Burger King', 'Krispy Krunchy Chicken', ""Domino's"", 'Louisiana Famous Fried Chicken', 'Panera Bread', ""Wendy's"", ""Steak 'n Shake"", 'White Castle', 'Shake Shack', ""Jimmy John's"", ""Culver's"", ""McDonald's"", 'KFC', 'Dairy Queen', 'Subway']"
Walgreens,['CVS Pharmacy'],"['Best Buy', 'CVS Pharmacy', 'Petco']"
Chicago Fire Department,[],[]
McDonald's,"['Panda Express', 'Little Caesars', 'Potbelly', 'Burger King', 'Chipotle', ""Lou Malnati's Pizzeria"", ""Giordano's Pizzeria"", ""Domino's"", 'Taco Bell', ""Wendy's"", 'Panera Bread', 'White Castle', ""Dunkin'"", ""Jimmy John's"", 'Checkers', 'Wingstop', 'Subway']","[""Rosati's"", 'Shake Shack', ""Jersey Mike's Subs"", 'Pret A Manger', 'USPS', 'Panera Bread', 'Argo Tea', 'Blaze Pizza', ""Seattle's Best Coffee"", ""Arby's"", 'Cinnabon', ""Church's Chicken"", ""Portillo's"", ""Nando's"", ""Wendy's"", ""Chuck E. Cheese's"", 'IHOP', 'Tropical Smoothie Cafe', 'Billy Goat Tavern', 'Manchu Wok', ""Culver's"", ""Peet's Coffee"", 'Subway', ""Harold's Chicken Shack"", 'Sweetgreen', 'Chick-fil-A', 'The Halal Guys', 'Philz Coffee', 'Unos', 'Starbucks Reserve', 'Freshii', 'Au Bon Pain', 'Taco Bell', 'MOD Pizza', 'The Original Pancake House', ""Lou Malnati's Pizzeria"", 'Così', 'Vapiano', 'Popeyes', 'KFC', 'Little Caesars', 'White Castle', ""Dunkin'"", 'Insomnia Cookies', 'Panda Express', 'Louisiana Famous Fried Chicken', 'Einstein Bros. Bagels', ""Jimmy John's"", 'Dairy Queen', 'Hooters', 'Noodles & Company', 'Le Pain Quotidien', 'Five Guys', 'Pizza Hut', 'Starbucks', 'Burger King', 'Sbarro', ""Domino's"", ""Jet's Pizza"", 'Pollo Campero', 'Checkers', 'Home Run Inn', 'Chipotle', ""Giordano's Pizzeria"", 'Qdoba', 'Joe & The Juice', 'Ronald McDonald House Charities', ""Raising Cane's"", 'Jollibee', 'Amazon', ""Auntie Anne's"", ""Steak 'n Shake"", 'TCBY', 'Baskin-Robbins', 'Cold Stone Creamery', 'Krispy Krunchy Chicken', ""Sarpino's Pizzeria"", 'Buffalo Wild Wings', 'Boston Market', 'Wingstop', 'La Colombe Coffee', 'Potbelly', 'Jamba', 'Corner Bakery', ""Jason's Deli""]"
BP,"['Amstar', 'Marathon', 'Shell', 'GoLo', 'Citgo', 'Tesla Supercharger', 'Mobil']",['Circle K']
7-Eleven,"['Mobil Mart', 'BP Shop']","['Circle K', 'AT&T', 'Clark', 'Neiman Marcus', 'Exxon', 'Phillips 66', 'Shell', 'Jewel-Osco', 'Speedway', 'Corner Bakery', 'Citgo', 'Hudson']"
United States Postal Service,['UPS'],[]
Chase,"['Fifth Third Bank', 'Bank of America', 'Byline Bank', 'Wintrust Bank', 'U.S. Bank', 'Citibank', 'BMO Harris Bank', 'PNC Bank', 'Huntington Bank']",[]
BP Shop,"['Mobil Mart', '7-Eleven']","['Circle K', 'AT&T', 'Clark']"
Chicago Public Library,[],"['Chicago Public Schools', 'Loyola University Chicago', 'The University of Chicago', 'Illinois Institute of Art – Chicago', 'DePaul University', 'Garfield Park (Chicago)', 'South Shore Cultural Center']"
Family Dollar,"['Dollar Tree', 'Dollar General', 'Metra']","['Best Buy', 'Petco', 'TJ Maxx', 'Burlington']"
Marathon,"['Amstar', 'BP', 'Shell', 'GoLo', 'Citgo', 'Tesla Supercharger', 'Mobil']","['Circle K', 'AT&T']"
Bank of America,"['Chase', 'Fifth Third Bank', 'Byline Bank', 'Wintrust Bank', 'U.S. Bank', 'Citibank', 'BMO Harris Bank', 'PNC Bank', 'Huntington Bank']","['AT&T', 'Fifth Third Bank', 'RBC', 'U.S. Bank', 'Citibank', 'Associated Bank', 'PNC Bank', 'Starbucks Reserve', 'CIBC', 'Huntington Bank']"
Boost Mobile,"['AT&T', 'Verizon', 'Cricket Wireless', 'Metro by T-Mobile', 'T-Mobile']","['Petco', 'AT&T', 'Metro by T-Mobile']"
Dollar Tree,"['Family Dollar', 'Metra', 'Dollar General']","[""Auntie Anne's"", 'Petco', 'Burlington', 'Best Buy', 'TJ Maxx']"
Mobil,"['Amstar', 'BP', 'Marathon', 'Shell', 'GoLo', 'Citgo', 'Tesla Supercharger']",[]
T-Mobile,"['AT&T', 'Verizon', 'Cricket Wireless', 'Metro by T-Mobile', 'Boost Mobile']","['AT&T', 'Metro by T-Mobile']"
United States Post Office,[],[]
CVS Pharmacy,['Walgreens'],"['Best Buy', 'Walgreens', 'Petco']"
Metro by T-Mobile,"['AT&T', 'Verizon', 'Cricket Wireless', 'Boost Mobile', 'T-Mobile']","['AT&T', 'Verizon', 'Cricket Wireless', 'Boost Mobile', 'T-Mobile']"
Burger King,"['Panda Express', 'Little Caesars', 'Chipotle', 'Potbelly', ""Lou Malnati's Pizzeria"", ""Giordano's Pizzeria"", ""Domino's"", 'Taco Bell', ""Wendy's"", 'Checkers', 'Panera Bread', 'White Castle', ""Dunkin'"", ""Jimmy John's"", ""McDonald's"", 'Wingstop', 'Subway']","['Little Caesars', 'Billy Goat Tavern', 'Manchu Wok', 'White Castle', 'Shake Shack', ""Culver's"", ""Dunkin'"", 'Insomnia Cookies', ""Raising Cane's"", ""Peet's Coffee"", 'Subway', 'Sweetgreen', ""Harold's Chicken Shack"", 'Panda Express', 'Chick-fil-A', 'Jollibee', ""Steak 'n Shake"", ""Auntie Anne's"", 'Louisiana Famous Fried Chicken', 'TCBY', 'The Halal Guys', 'Einstein Bros. Bagels', ""Jimmy John's"", 'Dairy Queen', 'Starbucks Reserve', 'Hooters', 'Au Bon Pain', 'Noodles & Company', 'Taco Bell', 'MOD Pizza', 'Five Guys', 'The Original Pancake House', 'Baskin-Robbins', 'Starbucks', 'Cold Stone Creamery', ""Jersey Mike's Subs"", 'Pizza Hut', 'Krispy Krunchy Chicken', 'Sbarro', ""Domino's"", 'Panera Bread', 'Argo Tea', 'Blaze Pizza', ""Seattle's Best Coffee"", ""Arby's"", ""McDonald's"", 'Boston Market', 'Cinnabon', 'Wingstop', 'Checkers', ""Church's Chicken"", 'Così', 'Potbelly', 'Chipotle', ""Portillo's"", ""Wendy's"", 'Jamba', 'Qdoba', 'Corner Bakery', 'Popeyes', ""Jason's Deli"", 'KFC', 'IHOP', 'Tropical Smoothie Cafe']"
Mobil Mart,"['7-Eleven', 'BP Shop']",[]
AutoZone,"[""O'Reilly Auto Parts"", 'Advance Auto Parts']","['Pep Boys', 'Carquest', 'Petco', ""O'Reilly Auto Parts"", 'Advance Auto Parts']"
Baskin-Robbins,['La Michoacana'],"['Cold Stone Creamery', 'Billy Goat Tavern', ""Jeni's Splendid Ice Creams"", 'Krispy Krunchy Chicken', 'Louisiana Famous Fried Chicken', 'Panera Bread', ""Wendy's"", 'TCBY', ""Steak 'n Shake"", 'La Michoacana', 'White Castle', 'Shake Shack', ""Culver's"", 'Dairy Queen', 'KFC']"
Jewel-Osco,"['ALDI', 'Walmart', 'Whole Foods Market', ""Mariano's Fresh Market""]",['Circle K']
Spray Feature,"['Water Playground', 'Spray Pool']",[]
Fifth Third Bank,"['Chase', 'Bank of America', 'Byline Bank', 'Wintrust Bank', 'U.S. Bank', 'Citibank', 'BMO Harris Bank', 'PNC Bank', 'Huntington Bank']","['CIBC', 'RBC']"
Popeyes,"['KFC', ""Church's Chicken""]","['Chick-fil-A', 'Billy Goat Tavern', 'Krispy Krunchy Chicken', ""Domino's"", 'Louisiana Famous Fried Chicken', 'Panera Bread', ""Wendy's"", 'The Halal Guys', ""Steak 'n Shake"", 'Buffalo Wild Wings', 'White Castle', 'Shake Shack', ""Culver's"", 'Pollo Campero', 'Dairy Queen', 'Wingstop', 'KFC']"
Potbelly,"['Panda Express', 'Little Caesars', 'Chipotle', 'Burger King', ""Lou Malnati's Pizzeria"", ""Giordano's Pizzeria"", ""Domino's"", 'Taco Bell', ""Wendy's"", 'Checkers', 'Panera Bread', 'White Castle', ""Dunkin'"", ""Jimmy John's"", ""McDonald's"", 'Wingstop', 'Subway']","['Starbucks', 'Billy Goat Tavern', 'Krispy Krunchy Chicken', 'Louisiana Famous Fried Chicken', 'Panera Bread', ""Wendy's"", ""Steak 'n Shake"", 'White Castle', 'Shake Shack', ""Jimmy John's"", ""Culver's"", 'Dairy Queen', 'KFC', 'Subway']"
PNC Bank,"['Fifth Third Bank', 'Chase', 'Bank of America', 'Byline Bank', 'Wintrust Bank', 'U.S. Bank', 'Citibank', 'BMO Harris Bank', 'Huntington Bank']","['CIBC', 'RBC']"
ALDI,"['Jewel-Osco', 'Walmart', 'Whole Foods Market', ""Mariano's Fresh Market""]","['Petco', ""Auntie Anne's""]"
Chipotle,"['Panda Express', 'Little Caesars', 'Potbelly', 'Burger King', ""Lou Malnati's Pizzeria"", ""Giordano's Pizzeria"", ""Domino's"", 'Taco Bell', ""Wendy's"", 'Checkers', 'Panera Bread', 'White Castle', ""Dunkin'"", ""Jimmy John's"", ""McDonald's"", 'Wingstop', 'Subway']","['Billy Goat Tavern', 'Krispy Krunchy Chicken', ""Domino's"", ""Auntie Anne's"", 'Panera Bread', ""Wendy's"", 'Louisiana Famous Fried Chicken', ""Steak 'n Shake"", 'White Castle', 'Shake Shack', ""Culver's"", 'Qdoba', 'Dairy Queen', 'KFC']"
Jimmy John's,"['Panda Express', 'Little Caesars', 'Potbelly', 'Burger King', 'Chipotle', ""Lou Malnati's Pizzeria"", ""Giordano's Pizzeria"", ""Domino's"", 'Taco Bell', ""Wendy's"", 'Checkers', 'Panera Bread', 'White Castle', ""Dunkin'"", ""McDonald's"", 'Wingstop', 'Subway']","['Starbucks', ""Jersey Mike's Subs"", 'Billy Goat Tavern', 'Krispy Krunchy Chicken', ""Domino's"", 'Louisiana Famous Fried Chicken', 'Panera Bread', ""Wendy's"", ""Steak 'n Shake"", 'White Castle', 'Shake Shack', ""Culver's"", 'Dairy Queen', 'KFC', 'Subway']"
U.S. Bank,"['Fifth Third Bank', 'Chase', 'Bank of America', 'Byline Bank', 'Wintrust Bank', 'Citibank', 'BMO Harris Bank', 'PNC Bank', 'Huntington Bank']","['CIBC', 'RBC']"
Cricket Wireless,"['AT&T', 'Verizon', 'Metro by T-Mobile', 'Boost Mobile', 'T-Mobile']","['Petco', 'AT&T']"
Hudson News,[],[]
BMO Harris Bank,"['Fifth Third Bank', 'Chase', 'Bank of America', 'Byline Bank', 'Wintrust Bank', 'U.S. Bank', 'Citibank', 'PNC Bank', 'Huntington Bank']",[]
Wendy's,"['Panda Express', 'Little Caesars', 'Potbelly', 'Burger King', 'Chipotle', ""Lou Malnati's Pizzeria"", ""Giordano's Pizzeria"", ""Domino's"", 'Taco Bell', 'Panera Bread', 'Checkers', 'White Castle', ""Dunkin'"", ""Jimmy John's"", ""McDonald's"", 'Wingstop', 'Subway']","['Little Caesars', 'Billy Goat Tavern', 'Manchu Wok', 'White Castle', 'Shake Shack', ""Culver's"", ""Dunkin'"", 'Insomnia Cookies', ""Raising Cane's"", ""Peet's Coffee"", 'Subway', 'Sweetgreen', ""Harold's Chicken Shack"", 'Panda Express', 'Chick-fil-A', 'Jollibee', ""Steak 'n Shake"", ""Auntie Anne's"", 'Louisiana Famous Fried Chicken', 'TCBY', 'The Halal Guys', 'Einstein Bros. Bagels', ""Jimmy John's"", 'Dairy Queen', 'Starbucks Reserve', 'Freshii', 'Hooters', 'Au Bon Pain', 'Noodles & Company', 'Taco Bell', 'MOD Pizza', 'Five Guys', 'The Original Pancake House', 'Baskin-Robbins', 'Starbucks', 'Cold Stone Creamery', ""Jersey Mike's Subs"", 'Pizza Hut', 'Burger King', 'Sbarro', 'Krispy Krunchy Chicken', ""Domino's"", 'Panera Bread', 'Argo Tea', 'Blaze Pizza', ""Seattle's Best Coffee"", ""Arby's"", ""McDonald's"", 'Boston Market', 'Cinnabon', 'Wingstop', 'Checkers', ""Church's Chicken"", 'Così', 'Potbelly', 'Chipotle', ""Portillo's"", 'Jamba', 'Qdoba', 'Corner Bakery', 'Popeyes', ""Jason's Deli"", 'KFC', 'IHOP', 'Tropical Smoothie Cafe']"
Taco Bell,"['Panda Express', 'Little Caesars', 'Potbelly', 'Burger King', 'Chipotle', ""Lou Malnati's Pizzeria"", ""Giordano's Pizzeria"", ""Domino's"", 'Panera Bread', ""Wendy's"", 'Checkers', 'White Castle', ""Dunkin'"", ""Jimmy John's"", ""McDonald's"", 'Wingstop', 'Subway']","['Pizza Hut', 'Billy Goat Tavern', 'Krispy Krunchy Chicken', ""Domino's"", 'Louisiana Famous Fried Chicken', 'Panera Bread', ""Steak 'n Shake"", 'White Castle', 'Petco', 'Shake Shack', ""Culver's"", 'Qdoba', 'Dairy Queen', 'KFC']"
KFC,"[""Church's Chicken"", 'Popeyes']","[""Rosati's"", 'Shake Shack', 'Ford', ""Jersey Mike's Subs"", 'Pret A Manger', 'Panera Bread', 'Argo Tea', 'Blaze Pizza', ""Seattle's Best Coffee"", ""Arby's"", ""McDonald's"", 'Cinnabon', ""Church's Chicken"", 'Kindred Healthcare', ""Portillo's"", ""Nando's"", ""Wendy's"", ""Chuck E. Cheese's"", 'IHOP', 'Tropical Smoothie Cafe', 'Billy Goat Tavern', 'Manchu Wok', ""Culver's"", ""Peet's Coffee"", 'Subway', ""Harold's Chicken Shack"", 'Sweetgreen', 'Chick-fil-A', 'The Halal Guys', 'Unos', 'Starbucks Reserve', 'Freshii', 'Au Bon Pain', 'Taco Bell', 'MOD Pizza', 'The Original Pancake House', 'UPS', ""Lou Malnati's Pizzeria"", 'Così', 'Vapiano', 'Popeyes', 'Little Caesars', 'White Castle', ""Dunkin'"", 'Insomnia Cookies', 'Panda Express', 'Louisiana Famous Fried Chicken', 'Einstein Bros. Bagels', ""Jimmy John's"", 'Dairy Queen', 'Hooters', 'Noodles & Company', 'Le Pain Quotidien', 'Five Guys', 'Pizza Hut', 'Starbucks', 'Burger King', 'Sbarro', ""Domino's"", ""Jet's Pizza"", 'Pollo Campero', 'Checkers', 'Home Run Inn', 'Chipotle', ""Giordano's Pizzeria"", 'Qdoba', ""Raising Cane's"", 'Jollibee', ""Auntie Anne's"", ""Steak 'n Shake"", 'TCBY', 'Baskin-Robbins', 'Cold Stone Creamery', 'Krispy Krunchy Chicken', ""Sarpino's Pizzeria"", 'Buffalo Wild Wings', 'Wingstop', 'Boston Market', 'Potbelly', 'Jamba', 'Corner Bakery', ""Jason's Deli""]"
O'Reilly Auto Parts,"['Advance Auto Parts', 'AutoZone']","['NAPA Auto Parts', 'Carquest', 'Advance Auto Parts']"
Target,"['Marshalls', 'Ross']","[""Auntie Anne's"", 'Petco', 'Burlington', 'Best Buy', 'TJ Maxx', 'Ross']"
AT&T,"['Verizon', 'Cricket Wireless', 'Metro by T-Mobile', 'Boost Mobile', 'T-Mobile']","['Toyota', 'Clark', 'Marathon', 'BP Shop', 'Best Buy', 'Costco', 'Amazon', 'The Home Depot', 'Shell', 'Cricket Wireless', 'Metro by T-Mobile', 'T-Mobile', 'AT&T', 'Walmart', 'Boost Mobile', 'Verizon', 'Bank of America', 'Tesla', 'Petco']"
U-Haul,[],[]
Spray Pool,"['Water Playground', 'Spray Feature']",[]
Citibank,"['Fifth Third Bank', 'Chase', 'Bank of America', 'Byline Bank', 'Wintrust Bank', 'U.S. Bank', 'BMO Harris Bank', 'PNC Bank', 'Huntington Bank']","['CIBC', 'RBC']"
Byline Bank,"['Fifth Third Bank', 'Chase', 'Bank of America', 'Wintrust Bank', 'U.S. Bank', 'Citibank', 'BMO Harris Bank', 'PNC Bank', 'Huntington Bank']",[]
Domino's,"['Panda Express', 'Little Caesars', 'Potbelly', 'Burger King', 'Chipotle', ""Lou Malnati's Pizzeria"", ""Giordano's Pizzeria"", 'Taco Bell', ""Wendy's"", 'Checkers', 'Panera Bread', 'White Castle', ""Dunkin'"", ""Jimmy John's"", ""McDonald's"", 'Wingstop', 'Subway']","['Little Caesars', 'Billy Goat Tavern', ""Rosati's"", 'Gino’s East', ""Culver's"", ""Dunkin'"", 'White Castle', 'Shake Shack', ""Raising Cane's"", 'Subway', 'Panda Express', 'Chick-fil-A', 'Jollibee', ""Auntie Anne's"", ""Steak 'n Shake"", 'Louisiana Famous Fried Chicken', 'Ford', 'Einstein Bros. Bagels', ""Jimmy John's"", 'Unos', 'Dairy Queen', 'Starbucks Reserve', 'Taco Bell', 'MOD Pizza', 'Five Guys', 'Pizza Hut', 'Starbucks', 'Cold Stone Creamery', ""Jersey Mike's Subs"", ""Lou Malnati's Pizzeria"", 'Burger King', 'Sbarro', ""Sarpino's Pizzeria"", ""Domino's"", 'UPS', 'Panera Bread', 'Popeyes', 'Krispy Krunchy Chicken', 'Blaze Pizza', ""Jet's Pizza"", 'Buffalo Wild Wings', ""Chili's"", 'Cinnabon', ""McDonald's"", 'Wingstop', 'Checkers', ""Church's Chicken"", 'Kindred Healthcare', 'Home Run Inn', 'Chipotle', ""Giordano's Pizzeria"", 'Vapiano', ""Nando's"", 'Qdoba', ""Chuck E. Cheese's"", 'KFC', 'IHOP']"
Rainbow,[],[]
Foot Locker,['DTLR'],['Best Buy']
Dollar General,"['Dollar Tree', 'Family Dollar', 'Metra']","[""Auntie Anne's"", 'Petco', 'TJ Maxx', 'Burlington']"
Wingstop,"['Panda Express', 'Little Caesars', 'Potbelly', 'Burger King', 'Chipotle', ""Lou Malnati's Pizzeria"", ""Giordano's Pizzeria"", ""Domino's"", 'Taco Bell', ""Wendy's"", 'Checkers', 'Panera Bread', 'White Castle', ""Dunkin'"", ""Jimmy John's"", ""McDonald's"", 'Subway']","['Billy Goat Tavern', 'White Castle', 'Shake Shack', ""Culver's"", ""Raising Cane's"", ""Harold's Chicken Shack"", 'Chick-fil-A', 'Jollibee', 'Louisiana Famous Fried Chicken', ""Steak 'n Shake"", 'The Halal Guys', 'Dairy Queen', 'Hooters', 'Krispy Krunchy Chicken', 'Panera Bread', 'Buffalo Wild Wings', 'Pollo Campero', 'Boston Market', ""Church's Chicken"", ""Nando's"", 'Popeyes', 'KFC']"
Huntington Bank,"['Fifth Third Bank', 'Chase', 'Bank of America', 'Byline Bank', 'Wintrust Bank', 'U.S. Bank', 'Citibank', 'BMO Harris Bank', 'PNC Bank']",[]
Public Storage,['Extra Space Storage'],"['Starbucks Reserve', 'Petco']"
White Castle,"['Panda Express', 'Little Caesars', 'Potbelly', 'Burger King', 'Chipotle', ""Lou Malnati's Pizzeria"", ""Giordano's Pizzeria"", ""Domino's"", 'Taco Bell', ""Wendy's"", 'Checkers', 'Panera Bread', ""Dunkin'"", ""Jimmy John's"", ""McDonald's"", 'Wingstop', 'Subway']","['Little Caesars', 'Billy Goat Tavern', 'Manchu Wok', 'Shake Shack', ""Culver's"", ""Dunkin'"", 'Insomnia Cookies', ""Raising Cane's"", ""Peet's Coffee"", 'Subway', 'Sweetgreen', ""Harold's Chicken Shack"", 'Panda Express', 'Chick-fil-A', 'Jollibee', ""Steak 'n Shake"", ""Auntie Anne's"", 'Louisiana Famous Fried Chicken', 'TCBY', 'The Halal Guys', 'Einstein Bros. Bagels', ""Jimmy John's"", 'Dairy Queen', 'Starbucks Reserve', 'Hooters', 'Au Bon Pain', 'Noodles & Company', 'Taco Bell', 'MOD Pizza', 'Five Guys', 'The Original Pancake House', 'Baskin-Robbins', 'Starbucks', 'Cold Stone Creamery', ""Jersey Mike's Subs"", 'Pizza Hut', 'Burger King', 'Sbarro', 'Krispy Krunchy Chicken', ""Domino's"", 'Panera Bread', 'Argo Tea', 'Blaze Pizza', ""Seattle's Best Coffee"", ""Arby's"", ""McDonald's"", 'Boston Market', 'Cinnabon', 'Wingstop', 'Checkers', ""Church's Chicken"", 'Così', 'Potbelly', 'Chipotle', ""Portillo's"", ""Wendy's"", 'Jamba', 'Qdoba', 'Corner Bakery', 'Popeyes', ""Jason's Deli"", 'KFC', 'IHOP', 'Tropical Smoothie Cafe']"
Tesla Supercharger,"['Amstar', 'BP', 'Marathon', 'Shell', 'GoLo', 'Citgo', 'Mobil']",['Tesla']
Ace Hardware,"['The Home Depot', 'True Value']",['Petco']
True Value,"['Ace Hardware', 'The Home Depot']",[]
Extra Space Storage,['Public Storage'],[]
The Salvation Army,[],['Petco']
Panda Express,"['Little Caesars', 'Potbelly', 'Burger King', 'Chipotle', ""Lou Malnati's Pizzeria"", ""Giordano's Pizzeria"", ""Domino's"", 'Taco Bell', ""Wendy's"", 'Checkers', 'Panera Bread', 'White Castle', ""Dunkin'"", ""Jimmy John's"", ""McDonald's"", 'Wingstop', 'Subway']","['Billy Goat Tavern', 'Krispy Krunchy Chicken', 'Manchu Wok', 'Louisiana Famous Fried Chicken', 'Panera Bread', ""Steak 'n Shake"", 'Shake Shack', 'Petco', ""Culver's"", 'Dairy Queen']"
Advance Auto Parts,"[""O'Reilly Auto Parts"", 'AutoZone']","['NAPA Auto Parts', ""O'Reilly Auto Parts"", 'AutoZone']"
Giordano's Pizzeria,"['Panda Express', 'Little Caesars', 'Potbelly', 'Burger King', 'Chipotle', ""Lou Malnati's Pizzeria"", ""Domino's"", 'Taco Bell', ""Wendy's"", 'Checkers', 'Panera Bread', 'White Castle', ""Dunkin'"", ""Jimmy John's"", ""McDonald's"", 'Wingstop', 'Subway']","['Pizza Hut', 'Little Caesars', 'Home Run Inn', 'Krispy Krunchy Chicken', ""Lou Malnati's Pizzeria"", 'Sbarro', ""Sarpino's Pizzeria"", 'Louisiana Famous Fried Chicken', 'Panera Bread', 'Unos', 'Dairy Queen', 'MOD Pizza']"
Forest Preserve District of Cook County,"['Chess Tables', 'Chicago Park District']",[]
Metra,"['Dollar Tree', 'Family Dollar', 'Dollar General']",[]
Little Caesars,"['Panda Express', 'Potbelly', 'Burger King', 'Chipotle', ""Lou Malnati's Pizzeria"", ""Giordano's Pizzeria"", ""Domino's"", 'Taco Bell', ""Wendy's"", 'Checkers', 'Panera Bread', 'White Castle', ""Dunkin'"", ""Jimmy John's"", ""McDonald's"", 'Wingstop', 'Subway']","['Billy Goat Tavern', ""Rosati's"", 'Gino’s East', 'Shake Shack', ""Culver's"", 'Louisiana Famous Fried Chicken', ""Steak 'n Shake"", 'Unos', 'Dairy Queen', 'MOD Pizza', 'Pizza Hut', 'Krispy Krunchy Chicken', ""Lou Malnati's Pizzeria"", 'Sbarro', ""Sarpino's Pizzeria"", ""Domino's"", 'Panera Bread', 'Blaze Pizza', ""Jet's Pizza"", 'Home Run Inn', ""Giordano's Pizzeria"", 'Vapiano', ""Chuck E. Cheese's""]"
Verizon,"['AT&T', 'Cricket Wireless', 'Metro by T-Mobile', 'Boost Mobile', 'T-Mobile']",[]
GameStop,[],['Best Buy']
Ross,"['Target', 'Marshalls']","['Marshalls', 'Target', 'Walmart', 'Petco', 'Burlington', 'TJ Maxx']"
Chess Tables,"['Forest Preserve District of Cook County', 'Chicago Park District']",[]
Jiffy Lube,['Midas'],[]
Mariano's Fresh Market,"['Jewel-Osco', 'ALDI', 'Walmart', 'Whole Foods Market']",[]
Fresenius Kidney Care,"['Howard Brown Health Center', 'DaVita Dialysis']",[]
Mattress Firm,[],"['Best Buy', 'Petco']"
Sherwin-Williams,[],[]
Marshalls,"['Target', 'Ross']","['H&M', 'Petco', 'Burlington', 'TJ Maxx', 'Ross']"
Amstar,"['BP', 'Marathon', 'Shell', 'GoLo', 'Citgo', 'Tesla Supercharger', 'Mobil']",[]
FedEx Office,[],[]
Corner Bakery,"['Starbucks', ""Peet's Coffee""]","['Billy Goat Tavern', 'Krispy Krunchy Chicken', 'Louisiana Famous Fried Chicken', 'Panera Bread', ""Steak 'n Shake"", ""Culver's"", 'Shake Shack', 'Dairy Queen']"
Planet Fitness,[],[]
GoLo,"['Amstar', 'BP', 'Marathon', 'Shell', 'Citgo', 'Tesla Supercharger', 'Mobil']",[]
Howard Brown Health Center,"['DaVita Dialysis', 'Fresenius Kidney Care']",[]
DTLR,['Foot Locker'],[]
Sally Beauty,[],['Best Buy']
GNC,[],['Best Buy']
Midas,['Jiffy Lube'],[]
Cash America International,[],[]
Western Union,[],[]
DaVita Dialysis,"['Howard Brown Health Center', 'Fresenius Kidney Care']",[]
Water Playground,"['Spray Pool', 'Spray Feature']",[]
Peet's Coffee,"['Starbucks', 'Corner Bakery']","['Billy Goat Tavern', 'Pret A Manger', 'Krispy Krunchy Chicken', 'Louisiana Famous Fried Chicken', 'Panera Bread', 'Philz Coffee', ""Steak 'n Shake"", ""Seattle's Best Coffee"", 'Petco', ""Dunkin'"", 'Shake Shack', ""Culver's"", ""McDonald's"", 'Starbucks Reserve', 'Joe & The Juice', 'Au Bon Pain', 'Dairy Queen', 'La Colombe Coffee']"
Checkers,"['Panda Express', 'Little Caesars', 'Potbelly', 'Burger King', 'Chipotle', ""Lou Malnati's Pizzeria"", ""Giordano's Pizzeria"", ""Domino's"", 'Taco Bell', ""Wendy's"", 'Panera Bread', 'White Castle', ""Dunkin'"", ""Jimmy John's"", ""McDonald's"", 'Wingstop', 'Subway']","['Billy Goat Tavern', 'Krispy Krunchy Chicken', 'Louisiana Famous Fried Chicken', 'Panera Bread', ""Steak 'n Shake"", ""Culver's"", 'Shake Shack', 'Dairy Queen']"
Church's Chicken,"['KFC', 'Popeyes']","['Chick-fil-A', 'Billy Goat Tavern', 'Krispy Krunchy Chicken', 'Louisiana Famous Fried Chicken', 'Panera Bread', 'The Halal Guys', ""Steak 'n Shake"", 'Buffalo Wild Wings', 'Shake Shack', ""Culver's"", 'Pollo Campero', 'Dairy Queen']"
Panera Bread,"['Panda Express', 'Little Caesars', 'Potbelly', 'Burger King', 'Chipotle', ""Lou Malnati's Pizzeria"", ""Giordano's Pizzeria"", ""Domino's"", 'Taco Bell', ""Wendy's"", 'Checkers', 'White Castle', ""Dunkin'"", ""Jimmy John's"", ""McDonald's"", 'Wingstop', 'Subway']","[""Rosati's"", 'Shake Shack', ""Jersey Mike's Subs"", 'Pret A Manger', 'Argo Tea', 'Blaze Pizza', ""Seattle's Best Coffee"", ""Arby's"", ""Chili's"", ""McDonald's"", 'Cinnabon', ""Church's Chicken"", ""Portillo's"", ""Nando's"", ""Wendy's"", ""Chuck E. Cheese's"", 'IHOP', 'Tropical Smoothie Cafe', 'Billy Goat Tavern', 'Manchu Wok', ""Culver's"", ""Peet's Coffee"", 'Subway', ""Harold's Chicken Shack"", 'Sweetgreen', 'Chick-fil-A', 'The Halal Guys', 'Philz Coffee', 'Unos', 'Starbucks Reserve', 'Freshii', 'Au Bon Pain', 'Taco Bell', 'MOD Pizza', 'The Original Pancake House', ""Lou Malnati's Pizzeria"", 'Così', 'Vapiano', 'Popeyes', 'KFC', 'Little Caesars', 'White Castle', ""Dunkin'"", 'Insomnia Cookies', 'Panda Express', 'Louisiana Famous Fried Chicken', 'Einstein Bros. Bagels', ""Jimmy John's"", 'Dairy Queen', 'Hooters', 'Noodles & Company', 'Le Pain Quotidien', 'Five Guys', 'Pizza Hut', 'Starbucks', 'Burger King', 'Sbarro', ""Domino's"", ""Jet's Pizza"", 'Pollo Campero', 'Checkers', 'Home Run Inn', 'Chipotle', ""Giordano's Pizzeria"", 'Qdoba', ""Raising Cane's"", 'Jollibee', ""Auntie Anne's"", ""Steak 'n Shake"", 'TCBY', 'Baskin-Robbins', 'Cold Stone Creamery', 'Krispy Krunchy Chicken', ""Sarpino's Pizzeria"", 'Buffalo Wild Wings', 'Boston Market', 'Wingstop', 'Potbelly', 'Jamba', 'Corner Bakery', ""Jason's Deli""]"
The Home Depot,"['Ace Hardware', 'True Value']","['Menards', 'Petco', ""Auntie Anne's""]"
Walmart,"['Jewel-Osco', 'ALDI', 'Whole Foods Market', ""Mariano's Fresh Market""]","[""Auntie Anne's"", 'Petco', 'Burlington', 'Best Buy', 'TJ Maxx']"
Whole Foods Market,"['Jewel-Osco', 'ALDI', 'Walmart', ""Mariano's Fresh Market""]",['Petco']
Wintrust Bank,"['Fifth Third Bank', 'Chase', 'Bank of America', 'Byline Bank', 'U.S. Bank', 'Citibank', 'BMO Harris Bank', 'PNC Bank', 'Huntington Bank']",[]
Lou Malnati's Pizzeria,"['Panda Express', 'Little Caesars', 'Potbelly', 'Burger King', 'Chipotle', ""Giordano's Pizzeria"", ""Domino's"", 'Taco Bell', ""Wendy's"", 'Checkers', 'Panera Bread', 'White Castle', ""Dunkin'"", ""Jimmy John's"", ""McDonald's"", 'Wingstop', 'Subway']","['Home Run Inn', 'Little Caesars', 'Pizza Hut', 'Krispy Krunchy Chicken', ""Chuck E. Cheese's"", 'Sbarro', ""Giordano's Pizzeria"", ""Domino's"", ""Sarpino's Pizzeria"", 'Vapiano', 'Louisiana Famous Fried Chicken', ""Rosati's"", 'Blaze Pizza', ""Jet's Pizza"", 'Gino’s East', 'Unos', 'Dairy Queen', 'MOD Pizza']"
UPS,['United States Postal Service'],"['Starbucks Reserve', 'Kindred Healthcare']"
La Michoacana,['Baskin-Robbins'],[]
SP+,[],[]
Stan’s Donuts & Coffee,[],[]
Pizza Hut,[],"['Little Caesars', 'Billy Goat Tavern', ""Rosati's"", 'Gino’s East', 'Shake Shack', ""Culver's"", 'Louisiana Famous Fried Chicken', ""Steak 'n Shake"", 'Unos', 'Dairy Queen', 'Taco Bell', 'MOD Pizza', 'Krispy Krunchy Chicken', ""Lou Malnati's Pizzeria"", 'Sbarro', ""Sarpino's Pizzeria"", ""Domino's"", 'Blaze Pizza', ""Jet's Pizza"", 'Home Run Inn', ""Giordano's Pizzeria"", 'Vapiano', ""Chuck E. Cheese's""]"
Argo Tea,[],"['Billy Goat Tavern', 'Krispy Krunchy Chicken', 'Louisiana Famous Fried Chicken', ""Steak 'n Shake"", 'Shake Shack', ""Culver's"", 'Dairy Queen']"
Cermak Fresh Market,[],[]
LA Fitness,[],[]
Falcon,[],[]
Petco,[],"['Circle K', 'Crate & Barrel', 'Toyota', 'Floor & Decor', 'Walgreens', 'Banana Republic', 'Public Storage', 'Menards', 'Family Dollar', 'CVS Pharmacy', 'Sephora', 'Five Below', 'Best Buy', ""Peet's Coffee"", 'TJ Maxx', 'Marshalls', 'Panda Express', 'Costco', 'Amazon', 'Oakley', 'Whole Foods Market', 'The Home Depot', 'Old Navy', 'The Container Store', 'Barnes & Noble', 'PetSmart', 'The Salvation Army', 'Gap', 'Burlington', 'Cricket Wireless', 'ALDI', 'Taco Bell', 'AutoZone', 'Dollar Tree', 'Staples', 'Goodwill', 'AT&T', 'Famous Footwear', ""Levi's"", 'Vans', 'Save-A-Lot', 'Bed Bath & Beyond', 'Walmart', 'Food 4 Less', 'Esporta Fitness', 'Forever 21', 'Hilton', ""Trader Joe's"", 'Ulta Beauty', 'Boost Mobile', 'Dollar General', 'Mattress Firm', 'HomeGoods', 'Target', 'Tesla', ""Lowe's"", 'Jamba', 'Ace Hardware', ""Dick's Sporting Goods"", 'JOANN Fabrics and Crafts', 'Michaels', 'IHOP', 'Party City', 'Ross']"
TJ Maxx,[],"['Dollar Tree', 'Marshalls', 'Dollar General', 'HomeGoods', 'Costco', 'Target', 'Neiman Marcus', 'Walmart', 'Family Dollar', ""Dick's Sporting Goods"", 'Burlington', 'Nordstrom Rack', 'Five Below', 'Ross']"
PetSmart,[],[]
Speedway,[],['Circle K']
Athletico Physical Therapy,[],[]
Dollop Coffee Co.,[],[]
Sarpino's Pizzeria,[],"['Home Run Inn', 'Little Caesars', 'Pizza Hut', 'Krispy Krunchy Chicken', ""Lou Malnati's Pizzeria"", ""Chuck E. Cheese's"", 'Sbarro', ""Giordano's Pizzeria"", ""Domino's"", 'Vapiano', 'Louisiana Famous Fried Chicken', ""Rosati's"", 'Blaze Pizza', ""Jet's Pizza"", 'Unos', 'Dairy Queen', 'MOD Pizza']"
Old National Bank,[],[]
Clark,[],"['Circle K', 'RBC']"
America's Best Contacts & Eyeglasses,[],[]
Sprint,[],[]
Great Clips,[],[]
Papa John's,[],[]
Ventra,[],[]
Save-A-Lot,[],[]
Harold's Chicken Shack,[],"['Chick-fil-A', 'Billy Goat Tavern', 'Krispy Krunchy Chicken', 'Louisiana Famous Fried Chicken', ""Steak 'n Shake"", 'The Halal Guys', 'Buffalo Wild Wings', 'Shake Shack', ""Culver's"", 'Pollo Campero', 'Dairy Queen']"
CubeSmart,[],[]
Food 4 Less,[],[]
Pret A Manger,[],"['Krispy Krunchy Chicken', 'Louisiana Famous Fried Chicken', 'Philz Coffee', ""Seattle's Best Coffee"", 'Starbucks Reserve', 'Dairy Queen', 'Joe & The Juice', 'Au Bon Pain', 'La Colombe Coffee']"
Dan Ryan Woods South Picnic Grove 14,[],[]
Taco Burrito King,[],[]
Firestone,[],"['Tesla', 'Dodge', 'Goodyear', 'Ford']"
Five Below,[],['Burlington']
Citi Trends,[],[]
Pete's Fresh Market,[],[]
La Colombe Coffee,[],"['Au Bon Pain', 'Pret A Manger', 'Philz Coffee', ""Seattle's Best Coffee"", ""Dunkin'"", 'Joe & The Juice', ""McDonald's"", 'Starbucks Reserve', ""Peet's Coffee""]"
YMCA,[],['Martin Luther King Jr.']
Binny's Beverage Depot,[],[]
Chili's,[],[]
North Community Bank,[],[]
XSport Fitness,[],[]
Chevrolet,[],"['Tesla', 'Dodge', 'Ford']"
Overlook,[],[]
Trader Joe's,[],[]
Gap,[],"['Forever 21', 'H&M', 'Best Buy']"
Pet Supplies Plus,[],[]
Comfort Station,[],[]
Ulta Beauty,[],[]
Hyatt Place,[],"['Hilton', 'Holiday Inn', 'Best Western Plus']"
Five Guys,[],"['Billy Goat Tavern', 'Krispy Krunchy Chicken', 'Louisiana Famous Fried Chicken', ""Steak 'n Shake"", 'Shake Shack', ""Culver's"", 'Dairy Queen']"
Lot C,[],[]
Burlington,[],"['Dollar Tree', 'Marshalls', 'Dollar General', 'HomeGoods', 'Costco', 'Target', 'Neiman Marcus', 'Walmart', 'Family Dollar', ""Dick's Sporting Goods"", 'Nordstrom Rack', 'Five Below', 'TJ Maxx', 'Ross']"
La Baguette Bakery,[],[]
Enterprise,[],[]
Life Storage,[],[]
Amoco,[],['Circle K']
Au Bon Pain,[],"['Billy Goat Tavern', 'Pret A Manger', 'Krispy Krunchy Chicken', 'Louisiana Famous Fried Chicken', ""Steak 'n Shake"", 'Philz Coffee', ""Seattle's Best Coffee"", 'Shake Shack', ""Dunkin'"", ""Culver's"", 'Joe & The Juice', ""McDonald's"", 'Starbucks Reserve', ""Peet's Coffee"", 'Dairy Queen', 'La Colombe Coffee']"
Kanela Breakfast Club,[],[]
Pearle Vision,[],[]
Lot A,[],[]
Orangetheory Fitness,[],[]
Chick-fil-A,[],"['Billy Goat Tavern', 'Shake Shack', ""Culver's"", ""Raising Cane's"", ""Harold's Chicken Shack"", 'Jollibee', 'Louisiana Famous Fried Chicken', ""Steak 'n Shake"", 'The Halal Guys', 'Dairy Queen', 'Hooters', 'Krispy Krunchy Chicken', 'Buffalo Wild Wings', 'Pollo Campero', 'Boston Market', 'Wingstop', ""Church's Chicken"", ""Nando's"", 'Popeyes', 'KFC']"
Burnham Wildlife Corridor,[],[]
HERO Coffee Bar,[],[]
Circle K,[],"['7-Eleven', 'Clark', 'BP', 'Marathon', 'Phillips 66', 'Shell', 'Amoco', 'Jewel-Osco', 'Speedway', 'Hudson', 'Citgo', 'BP Shop', 'Exxon']"
Do it Best,[],[]
Supercuts,[],[]
First American Bank,[],[]
Lot B,[],[]
Auto Repair,[],[]
Barbara's Bookstore,[],[]
South Shore Line,[],[]
Do-Rite Donuts & Chicken,[],[]
Amazon Hub,[],[]
Shake Shack,[],"['Little Caesars', 'Billy Goat Tavern', 'Manchu Wok', 'White Castle', ""Culver's"", ""Dunkin'"", 'Insomnia Cookies', ""Raising Cane's"", ""Peet's Coffee"", 'Subway', 'Sweetgreen', ""Harold's Chicken Shack"", 'Panda Express', 'Chick-fil-A', 'Jollibee', ""Steak 'n Shake"", ""Auntie Anne's"", 'Louisiana Famous Fried Chicken', 'TCBY', 'The Halal Guys', 'Einstein Bros. Bagels', ""Jimmy John's"", 'Dairy Queen', 'Starbucks Reserve', 'Hooters', 'Au Bon Pain', 'Noodles & Company', 'Taco Bell', 'MOD Pizza', 'Five Guys', 'The Original Pancake House', 'Baskin-Robbins', 'Starbucks', 'Cold Stone Creamery', ""Jersey Mike's Subs"", 'Pizza Hut', 'Burger King', 'Sbarro', 'Krispy Krunchy Chicken', ""Domino's"", 'Panera Bread', 'Argo Tea', 'Blaze Pizza', ""Seattle's Best Coffee"", ""Arby's"", ""McDonald's"", 'Boston Market', 'Cinnabon', 'Wingstop', 'Checkers', ""Church's Chicken"", 'Così', 'Potbelly', 'Chipotle', ""Portillo's"", ""Wendy's"", 'Jamba', 'Qdoba', 'Corner Bakery', 'Popeyes', ""Jason's Deli"", 'KFC', 'IHOP', 'Tropical Smoothie Cafe']"
Beggars Pizza,[],[]
Little Free Library,[],[]
Old Navy,[],['Best Buy']
Big Shoulders Coffee,[],[]
Protein Bar,[],[]
The Vitamin Shoppe,[],[]
Tony's Fresh Market,[],[]
Gulf,[],[]
Einstein Bros. Bagels,[],"['Billy Goat Tavern', 'Krispy Krunchy Chicken', 'Louisiana Famous Fried Chicken', ""Steak 'n Shake"", ""Culver's"", 'Dairy Queen']"
Car-X,[],[]
Brown Bag Seafood Co.,[],[]
Nando's,[],"['Krispy Krunchy Chicken', 'Louisiana Famous Fried Chicken', 'The Halal Guys', 'Buffalo Wild Wings', 'Pollo Campero', 'Dairy Queen']"
Famous Footwear,[],[]
Exxon,[],[]
AMC,[],['Regal Cinemas']
Homewood Suites,[],"['Holiday Inn', 'Best Western Plus']"
Carniceria Jimenez,[],[]
Midwest,[],[]
Rent-A-Center,[],[]
Lululemon,[],[]
Culver's,[],"['Little Caesars', 'Billy Goat Tavern', 'Manchu Wok', 'White Castle', 'Shake Shack', ""Dunkin'"", 'Insomnia Cookies', ""Raising Cane's"", ""Peet's Coffee"", 'Subway', 'Sweetgreen', ""Harold's Chicken Shack"", 'Panda Express', 'Chick-fil-A', 'Jollibee', ""Steak 'n Shake"", ""Auntie Anne's"", 'Louisiana Famous Fried Chicken', 'TCBY', 'The Halal Guys', 'Einstein Bros. Bagels', ""Jimmy John's"", 'Dairy Queen', 'Starbucks Reserve', 'Hooters', 'Au Bon Pain', 'Noodles & Company', 'Taco Bell', 'MOD Pizza', 'Five Guys', 'The Original Pancake House', 'Baskin-Robbins', 'Starbucks', 'Cold Stone Creamery', ""Jersey Mike's Subs"", 'Pizza Hut', 'Burger King', 'Sbarro', 'Krispy Krunchy Chicken', ""Domino's"", 'Panera Bread', 'Argo Tea', 'Blaze Pizza', ""Seattle's Best Coffee"", ""Arby's"", ""McDonald's"", 'Boston Market', 'Cinnabon', 'Wingstop', 'Checkers', ""Church's Chicken"", 'Così', 'Potbelly', 'Chipotle', ""Portillo's"", ""Wendy's"", 'Jamba', 'Qdoba', 'Corner Bakery', 'Popeyes', ""Jason's Deli"", 'KFC', 'IHOP', 'Tropical Smoothie Cafe']"
Schiller Woods Picnic Shelter Grove 11,[],[]
Holiday Inn,[],"['Embassy Suites', 'Extended Stay America', 'Marriott', 'DoubleTree', 'Fairfield Inn & Suites', 'Hyatt Place', 'Aloft', 'Best Western Plus', 'Westin', 'Hilton Garden Inn', 'Holiday Inn', 'Residence Inn', 'W Hotels', 'Hilton', 'La Quinta Inn', 'Hampton Inn & Suites', 'Homewood Suites', 'SpringHill Suites', 'Courtyard', 'Renaissance']"
Parkway Bank,[],[]
IHOP,[],"['The Original Pancake House', 'Billy Goat Tavern', 'Krispy Krunchy Chicken', 'Louisiana Famous Fried Chicken', ""Portillo's"", ""Steak 'n Shake"", 'Dairy Queen']"
Hilton,[],"['Hyatt Place', 'Best Western Plus']"
Qdoba,[],"['Billy Goat Tavern', 'Krispy Krunchy Chicken', 'Chipotle', 'Louisiana Famous Fried Chicken', ""Steak 'n Shake"", 'Dairy Queen', 'Taco Bell']"
Jamba,[],"['Billy Goat Tavern', 'Krispy Krunchy Chicken', 'Louisiana Famous Fried Chicken', ""Steak 'n Shake"", 'Dairy Queen']"
Rosati's,[],"['Home Run Inn', 'Krispy Krunchy Chicken', 'Sbarro', 'Louisiana Famous Fried Chicken', 'Dairy Queen', 'Unos', 'MOD Pizza']"
Village Discount Outlet,[],[]
Xurro,[],[]
Jet's Pizza,[],"['Home Run Inn', 'Krispy Krunchy Chicken', 'Sbarro', 'Louisiana Famous Fried Chicken', 'Dairy Queen', 'Unos', 'MOD Pizza']"
Insomnia Cookies,[],"['Billy Goat Tavern', 'Krispy Krunchy Chicken', 'Louisiana Famous Fried Chicken', ""Steak 'n Shake"", 'Dairy Queen']"
Associated Bank,[],[]
dd's Discounts,[],[]
Philz Coffee,[],"[""Peet's Coffee"", 'Pret A Manger', ""Seattle's Best Coffee"", ""Dunkin'"", 'Joe & The Juice', ""McDonald's"", 'Starbucks Reserve', 'Au Bon Pain', 'La Colombe Coffee']"
CIBC,[],"['Fifth Third Bank', 'Bank of America', 'RBC', 'U.S. Bank', 'Citibank', 'PNC Bank']"
Sip & Savor,[],[]
Jeni's Splendid Ice Creams,[],[]
Hilton Garden Inn,[],['Best Western Plus']
Boys & Girls Club,[],[]
Vanille Patisserie,[],[]
Valvoline,[],[]
McCormick Place Parking Lot B Overflow,[],[]
DePaul University,[],['Garfield Park (Chicago)']
Old Second National Bank,[],[]
Pep Boys,[],"['Goodyear', 'NAPA Auto Parts']"
"List of cemeteries in Cook County, Illinois",[],[]
Cafecito,[],[]
Chicago Patrolmen's Federal Credit Union,[],[]
Lot A4,[],[]
Schiller Woods Picnic Grove 3,[],[]
Best Western Plus,[],"['Embassy Suites', 'Extended Stay America', 'Marriott', 'DoubleTree', 'Fairfield Inn & Suites', 'Hyatt Place', 'Aloft', 'Westin', 'Hilton Garden Inn', 'Holiday Inn', 'Residence Inn', 'W Hotels', 'Hilton', 'La Quinta Inn', 'Hampton Inn & Suites', 'Homewood Suites', 'SpringHill Suites', 'Courtyard', 'Renaissance']"
Residence Inn,[],[]
Lowe's,[],"['Best Buy', ""Auntie Anne's""]"
Naf Naf Grill,[],[]
Al's Beef,[],[]
Floyd's 99 Barbershop,[],[]
City Sports,[],[]
Veterans of Foreign Wars of the United States,[],['American Legion']
Blaze Pizza,[],"['Home Run Inn', 'Billy Goat Tavern', 'Krispy Krunchy Chicken', 'Sbarro', 'Louisiana Famous Fried Chicken', ""Steak 'n Shake"", 'Dairy Queen', 'Unos', 'MOD Pizza']"
Metro Self Storage,[],[]
Sweetgreen,[],"['Billy Goat Tavern', 'Krispy Krunchy Chicken', 'Louisiana Famous Fried Chicken', ""Steak 'n Shake"", 'Dairy Queen']"
Picnic Shelter #1,[],[]
American Legion,[],['Veterans of Foreign Wars of the United States']
Rothschild Liquors,[],[]
Billy Goat Tavern & Grill,[],[]
Native Foods Cafe,[],[]
Hair Cuttery,[],[]
Pepe's Mexican Restaurant,[],[]
Freshii,[],"['Cold Stone Creamery', 'Krispy Krunchy Chicken', ""McDonald's"", 'Louisiana Famous Fried Chicken', ""Wendy's"", 'Dairy Queen', 'Starbucks Reserve']"
Intelligentsia,[],[]
Lakeside Bank,[],[]
Bar Louie,[],[]
Immaculate Conception School,[],[]
Unos,[],"['Home Run Inn', 'Little Caesars', 'Pizza Hut', 'Krispy Krunchy Chicken', ""Lou Malnati's Pizzeria"", 'Sbarro', ""Giordano's Pizzeria"", ""Domino's"", ""Sarpino's Pizzeria"", 'Vapiano', 'Louisiana Famous Fried Chicken', ""Rosati's"", 'Blaze Pizza', ""Jet's Pizza"", 'Gino’s East', ""Chuck E. Cheese's"", 'Dairy Queen', 'MOD Pizza']"
Foremost Liquors,[],[]
USPS,[],"['Tesla', 'Martin Luther King Jr.']"
Super Save,[],[]
The Original Pancake House,[],"['Billy Goat Tavern', 'Krispy Krunchy Chicken', 'Louisiana Famous Fried Chicken', ""Portillo's"", ""Steak 'n Shake"", 'Nike', 'Dairy Queen', 'IHOP']"
Forever Yogurt,[],[]
The University of Chicago,[],['Garfield Park (Chicago)']
Hampton,[],[]
Marriott,[],[]
Hyde Park Bank,[],[]
Dairy Queen,[],"[""Rosati's"", 'Shake Shack', ""Jersey Mike's Subs"", 'Pret A Manger', 'Panera Bread', 'Argo Tea', 'Blaze Pizza', ""Seattle's Best Coffee"", ""Arby's"", ""McDonald's"", 'Cinnabon', ""Church's Chicken"", ""Portillo's"", ""Nando's"", ""Wendy's"", ""Chuck E. Cheese's"", 'IHOP', 'Tropical Smoothie Cafe', 'Billy Goat Tavern', 'Manchu Wok', ""Culver's"", ""Peet's Coffee"", 'Subway', ""Harold's Chicken Shack"", 'Sweetgreen', 'Chick-fil-A', 'The Halal Guys', 'Unos', 'Starbucks Reserve', 'Freshii', 'Au Bon Pain', 'Taco Bell', 'MOD Pizza', 'The Original Pancake House', ""Lou Malnati's Pizzeria"", 'Così', 'Vapiano', 'Popeyes', 'KFC', 'Little Caesars', 'White Castle', ""Dunkin'"", 'Insomnia Cookies', 'Panda Express', 'Louisiana Famous Fried Chicken', 'Einstein Bros. Bagels', ""Jimmy John's"", 'Hooters', 'Noodles & Company', 'Le Pain Quotidien', 'Five Guys', 'Pizza Hut', 'Starbucks', 'Burger King', 'Sbarro', ""Domino's"", ""Jet's Pizza"", 'Pollo Campero', 'Checkers', 'Home Run Inn', 'Chipotle', ""Giordano's Pizzeria"", 'Qdoba', ""Raising Cane's"", 'Jollibee', ""Auntie Anne's"", ""Steak 'n Shake"", 'TCBY', 'Baskin-Robbins', 'Cold Stone Creamery', 'Krispy Krunchy Chicken', ""Sarpino's Pizzeria"", 'Buffalo Wild Wings', 'Boston Market', 'Wingstop', 'Potbelly', 'Jamba', 'Corner Bakery', ""Jason's Deli""]"
SpringHill Suites,[],[]
Noodles & Company,[],"['Louisiana Famous Fried Chicken', 'Billy Goat Tavern', ""Steak 'n Shake"", 'Krispy Krunchy Chicken']"
Lids,[],[]
LYFE Kitchen,[],[]
Renaissance,[],[]
Portillo's,[],"['Louisiana Famous Fried Chicken', 'Billy Goat Tavern', ""Steak 'n Shake"", 'Krispy Krunchy Chicken']"
BomBon Cafe,[],[]
Kedzie Plaza,[],[]
Buona,[],[]
ATI Physical Therapy,[],[]
Capital One Café,[],[]
News Now,[],[]
Currency Exchange,[],[]
National Car Wash,[],[]
The Lock Up,[],[]
Home Run Inn,[],"['Pizza Hut', 'Little Caesars', 'Krispy Krunchy Chicken', ""Lou Malnati's Pizzeria"", ""Chuck E. Cheese's"", 'Sbarro', ""Giordano's Pizzeria"", ""Domino's"", ""Sarpino's Pizzeria"", 'Vapiano', 'Louisiana Famous Fried Chicken', ""Rosati's"", 'Blaze Pizza', ""Jet's Pizza"", 'Gino’s East', 'Unos', 'MOD Pizza']"
Toyota,[],['Tesla']
Nike,[],"['The Original Pancake House', 'Best Buy']"
Philly's Best,[],[]
BJ's Market & Bakery,[],[]
The Great American Bagel,[],[]
Phillips 66,[],[]
Jersey Mike's Subs,[],"['Billy Goat Tavern', 'Starbucks', 'Krispy Krunchy Chicken', 'Louisiana Famous Fried Chicken', ""Steak 'n Shake"", ""Jimmy John's"", 'Subway']"
Immediate MD,[],[]
Steppenwolf Theater - Round,[],[]
Roti,[],[]
Cinnabon,[],"['Billy Goat Tavern', 'Krispy Krunchy Chicken', 'Louisiana Famous Fried Chicken', ""Steak 'n Shake"", 'Starbucks Reserve']"
Providence Bank & Trust,[],[]
Market Creations,[],[]
Mr. Submarine,[],[]
Central Bakery,[],[]
La Boulangerie,[],[]
Forman Mills,[],[]
Sport Clips,[],[]
Forever 21,[],['Best Buy']
Big City Optical,[],[]
Men's Wearhouse,[],['Best Buy']
Cozy Corner,[],[]
O'Hare Economy Lot E (Closed),[],[]
Extended Stay America,[],[]
Colectivo Coffee,[],[]
Auntie Anne's,[],"['Billy Goat Tavern', ""Dunkin'"", 'Subway', 'Jollibee', 'Louisiana Famous Fried Chicken', 'Rocky Mountain Chocolate Factory', 'The Home Depot', ""Steak 'n Shake"", 'Dairy Queen', 'Starbucks Reserve', 'ALDI', 'Le Pain Quotidien', 'Dollar Tree', 'Krispy Krunchy Chicken', ""Domino's"", 'Walmart', ""McDonald's"", 'Dollar General', 'Chipotle', 'Target', ""Lowe's""]"
Buddy Bear Car Wash,[],[]
Presence Medical Group,[],[]
Park Plaza Parking Lot,[],[]
Ann Sather,[],[]
Brioche Dorée,[],[]
Athena Bitcoin ATM,[],[]
Cold Stone Creamery,[],"['Billy Goat Tavern', 'Krispy Krunchy Chicken', 'Louisiana Famous Fried Chicken', ""Steak 'n Shake"", 'TCBY']"
Benjamin Moore,[],[]
Wrigley Rooftops,[],[]
Seoul Taco,[],[]
Goddess and the Baker,[],[]
Nordstrom Rack,[],['Best Buy']
Resident Student Parking,[],[]
Breakfast House,[],[]
MoneyGram,[],[]
Lot D,[],[]
Gas Depot,[],[]
Saint Hilary School,[],[]
Eggers Grove Picnic Shelter Grove 1,[],[]
Discovery Clothing Company,[],[]
Nicky's Gyros,[],[]
ChargePoint,[],[]
Royal Sonesta,[],[]
BIG & little’s Restaurant,[],[]
FedEx,[],[]
Cafe Tola #1,[],[]
Discover Chicago,[],[]
M Burger,[],[]
Small Cheval,[],[]
Hertz,[],[]
Best Buy,[],"['Crate & Barrel', 'Walgreens', 'Banana Republic', 'Family Dollar', 'CVS Pharmacy', ""Men's Wearhouse"", 'Nordstrom Rack', 'GameStop', 'Bath & Body Works', 'Sally Beauty', 'Neiman Marcus', ""claire's"", 'GNC', 'Old Navy', 'Nike', 'Gap', 'Starbucks Reserve', ""Victoria's Secret"", 'Dollar Tree', 'AT&T', 'Bed Bath & Beyond', 'Walmart', 'Forever 21', 'Disney Store', 'Mattress Firm', 'Target', ""Lowe's"", 'Urban Outfitters', 'Foot Locker', ""Dick's Sporting Goods"", 'Party City']"
Edible Arrangements,[],[]
Hannah's Bretzel,[],[]
DaVita,[],[]
Heritage Outpost,[],[]
Vero Coffee & Gelato,[],[]
The Halal Guys,[],"[""Church's Chicken"", 'Chick-fil-A', 'Jollibee', 'Krispy Krunchy Chicken', 'Billy Goat Tavern', 'Boston Market', 'Louisiana Famous Fried Chicken', ""Steak 'n Shake"", ""Nando's"", 'Buffalo Wild Wings', 'Pollo Campero', 'Popeyes', 'Wingstop', 'KFC', ""Raising Cane's"", 'Hooters', ""Harold's Chicken Shack""]"
Catherine Chevalier Woods Picnic Shelter Grove 1,[],[]
Le Pain Quotidien,[],"['Louisiana Famous Fried Chicken', 'Krispy Krunchy Chicken']"
Visionworks,[],[]
Michaels,[],[]
Molly’s Cupcakes,[],[]
Redbox,[],[]
Mather’s More Than a Cafe,[],[]
La Central Bakery,[],[]
Fairplay Foods,[],[]
Joe & The Juice,[],"[""Peet's Coffee"", 'Pret A Manger', 'Philz Coffee', ""Seattle's Best Coffee"", ""Dunkin'"", ""McDonald's"", 'Starbucks Reserve', 'Au Bon Pain', 'La Colombe Coffee']"
Le Paris Bakery,[],[]
Liberty Bank,[],[]
Sbarro,[],"['Little Caesars', 'Billy Goat Tavern', ""Rosati's"", 'Gino’s East', 'Louisiana Famous Fried Chicken', ""Steak 'n Shake"", 'Unos', 'MOD Pizza', 'Pizza Hut', 'Krispy Krunchy Chicken', ""Lou Malnati's Pizzeria"", ""Sarpino's Pizzeria"", ""Domino's"", 'Blaze Pizza', ""Jet's Pizza"", 'Home Run Inn', ""Giordano's Pizzeria"", 'Vapiano', ""Chuck E. Cheese's""]"
Julius Meinl,[],[]
Assumption School,[],[]
Taqueria Los Comales #11,[],[]
Stan's Donuts,[],[]
MB Financial Bank,[],[]
Ford,[],"['Nissan', 'Kindred Healthcare', 'Tesla', 'Chevrolet', 'Dodge', 'Hyundai', 'H&M', 'Goodyear', 'Firestone']"
Republic Bank of Chicago,[],[]
Hoyne Savings Bank,[],[]
Anthropologie,[],[]
Victoria's Secret,[],[]
Bacci Pizzeria,[],[]
South Central Bank,[],[]
Physicians Immediate Care,[],[]
Amazon,[],"['Barnes & Noble', 'Starbucks Reserve']"
Billy Goat Tavern,[],"['Little Caesars', 'Manchu Wok', 'White Castle', 'Shake Shack', ""Culver's"", ""Dunkin'"", 'Insomnia Cookies', ""Raising Cane's"", ""Peet's Coffee"", 'Subway', 'Sweetgreen', ""Harold's Chicken Shack"", 'Panda Express', 'Chick-fil-A', 'Jollibee', ""Steak 'n Shake"", ""Auntie Anne's"", 'Louisiana Famous Fried Chicken', 'TCBY', 'The Halal Guys', 'Einstein Bros. Bagels', ""Jimmy John's"", 'Dairy Queen', 'Starbucks Reserve', 'Hooters', 'Au Bon Pain', 'Noodles & Company', 'Taco Bell', 'MOD Pizza', 'Five Guys', 'The Original Pancake House', 'Baskin-Robbins', 'Starbucks', 'Cold Stone Creamery', ""Jersey Mike's Subs"", 'Pizza Hut', 'Burger King', 'Sbarro', ""Domino's"", 'Panera Bread', 'Argo Tea', 'Blaze Pizza', ""Seattle's Best Coffee"", ""Arby's"", ""McDonald's"", 'Boston Market', 'Cinnabon', 'Wingstop', 'Checkers', ""Church's Chicken"", 'Così', 'Potbelly', 'Chipotle', ""Portillo's"", ""Wendy's"", 'Jamba', 'Qdoba', 'Corner Bakery', 'Popeyes', ""Jason's Deli"", 'KFC', 'IHOP', 'Tropical Smoothie Cafe']"
Supermercado El Güero #8,[],[]
Buffalo Wild Wings,[],"[""Church's Chicken"", 'Chick-fil-A', 'Jollibee', 'Krispy Krunchy Chicken', 'Boston Market', 'Louisiana Famous Fried Chicken', ""Nando's"", 'The Halal Guys', 'Pollo Campero', 'Popeyes', 'Wingstop', 'KFC', ""Raising Cane's"", 'Hooters', ""Harold's Chicken Shack""]"
Mile Square Health Center,[],[]
Sephora,[],[]
McCormick Place North Building,[],[]
Shoreline II,[],[]
Seadog III,[],[]
Reilly's Daughter,[],[]
Nuts on Clark,[],[]
Sauganash Village,[],[]
Staples,[],['Office Depot']
Lavazza,[],[]
Hudson,[],[]
Carole Robertson Center for Learning,[],[]
DeVry University,[],[]
Golden Nugget Pancake House,[],[]
Reggio's Pizza,[],[]
Gyu-Kaku,[],[]
Lao Sze Chuan,[],[]
Glazed and Infused,[],[]
Marquette Bank,[],[]
Urban Outfitters,[],[]
Kindred Healthcare,[],"['UPS', 'Ford']"
LaBagh Woods Picnic Shelter Grove 2,[],[]
Pinky Nail,[],[]
Club/Premium,[],[]
Party City,[],[]
Goddess and Grocer,[],[]
Cafe Descartes,[],[]
Joy Yee Noodle,[],[]
Kriser's,[],[]
Shoe Carnival,[],[]
Tau Kappa Epsilon,[],[]
Mystic Blue II,[],[]
Garvey School Garden,[],[]
Medical Campus Parking Garage A,[],[]
Beverly Plaza,[],[]
Galewood Plaza II,[],[]
Sigma Chi,[],[]
Winchester Plaza,[],[]
Hon Kee Restaurant,[],[]
Lawndale Christian Health Center Immediate Care,[],[]
Lawndale Community Plaza,[],[]
Aspen Dental,[],[]
Elly's Pancake House,[],[]
NorthShore Immediate Care - Sauganash,[],[]
Self-Help Federal Credit Union,[],[]
Primo Center,[],[]
Bryn Mawr East,[],[]
Pure Barre,[],[]
Impark,[],[]
Pig,[],[]
Walter Payton,[],[]
Fullerton Plaza,[],[]
Audi,[],['Tesla']
Davis Theater,[],[]
Dodge,[],"['Nissan', 'Tesla', 'Chevrolet', 'Hyundai', 'Ford', 'Goodyear', 'Firestone']"
Tropical Smoothie Cafe,[],"['Louisiana Famous Fried Chicken', ""Steak 'n Shake"", 'Krispy Krunchy Chicken']"
Avenue,[],[]
J,[],[]
Chuck E. Cheese's,[],"['Louisiana Famous Fried Chicken', 'Krispy Krunchy Chicken', 'MOD Pizza']"
Champs Sports,[],[]
Ram;Jeep;Dodge;Chrysler,[],[]
Northwestern Medicine,[],[]
Halsted/Vermont Plaza,[],[]
Pacific Global Bank,[],[]
Thorntons,[],[]
Prism Health Lab,[],[]
Banana Republic,[],[]
Beta Theta Pi,[],[]
Harrison Courts,[],[]
Self Park West Garage,[],[]
Rayan Plaza,[],[]
Connie's Pizza,[],[]
Sweet Endulgences,[],[]
Paseo Boricua,[],[]
West Ridge Plaza,[],[]
Lawrence House Dog Park,[],[]
Sir Georg Solti Garden,[],[]
Foxtrot,[],[]
Gino’s East,[],['MOD Pizza']
Meineke,[],[]
Hampton Inn & Suites,[],[]
John's Hardware & Bicycle Shop,[],[]
Amtrak Police Department,[],[]
Momentum Coffee,[],[]
Madison Plaza,[],[]
Edgewater Historic Park,[],[]
McCormick Rooftop Garden,[],[]
McCormick Place North Pick-up/Drop-off,[],[]
Can't Believe It's Not Meat,[],[]
Chicago Family Health Center,[],[]
Advocate Medical Group,[],[]
Aeroterm Phase II,[],[]
Mini Thương Xá,[],[]
Hot Woks Cool Sushi,[],[]
Pollo Campero,[],"[""Church's Chicken"", 'Chick-fil-A', 'Jollibee', 'Krispy Krunchy Chicken', 'Boston Market', 'Louisiana Famous Fried Chicken', ""Nando's"", 'The Halal Guys', 'Buffalo Wild Wings', 'Popeyes', 'Wingstop', 'KFC', ""Raising Cane's"", 'Hooters', ""Harold's Chicken Shack""]"
KIPP,[],[]
Coalfire,[],[]
Krispy Krunchy Chicken,[],"[""Rosati's"", 'Shake Shack', ""Jersey Mike's Subs"", 'Pret A Manger', 'Panera Bread', 'Argo Tea', 'Blaze Pizza', ""Seattle's Best Coffee"", ""Arby's"", ""McDonald's"", 'Cinnabon', ""Church's Chicken"", ""Portillo's"", ""Nando's"", ""Wendy's"", ""Chuck E. Cheese's"", 'IHOP', 'Tropical Smoothie Cafe', 'Manchu Wok', ""Culver's"", ""Peet's Coffee"", 'Subway', ""Harold's Chicken Shack"", 'Sweetgreen', 'Chick-fil-A', 'The Halal Guys', 'Unos', 'Starbucks Reserve', 'Freshii', 'Au Bon Pain', 'Taco Bell', 'MOD Pizza', 'The Original Pancake House', ""Lou Malnati's Pizzeria"", 'Così', 'Vapiano', 'Popeyes', 'KFC', 'Little Caesars', 'White Castle', ""Dunkin'"", 'Insomnia Cookies', 'Panda Express', 'Louisiana Famous Fried Chicken', 'Einstein Bros. Bagels', ""Jimmy John's"", 'Dairy Queen', 'Hooters', 'Noodles & Company', 'Le Pain Quotidien', 'Five Guys', 'Pizza Hut', 'Starbucks', 'Burger King', 'Sbarro', ""Domino's"", ""Jet's Pizza"", 'Pollo Campero', 'Checkers', 'Home Run Inn', 'Chipotle', ""Giordano's Pizzeria"", 'Qdoba', ""Raising Cane's"", 'Jollibee', ""Auntie Anne's"", ""Steak 'n Shake"", 'TCBY', 'Baskin-Robbins', 'Cold Stone Creamery', ""Sarpino's Pizzeria"", 'Buffalo Wild Wings', 'Boston Market', 'Wingstop', 'Potbelly', 'Jamba', 'Corner Bakery', ""Jason's Deli""]"
Bronzeville Winery,[],[]
Hyatt House,[],[]
Water Courts Formal Garden,[],[]
KE34-Cubs,[],[]
Ohio House Motel,[],[]
Qideas,[],[]
Belmont Bank & Trust,[],[]
Park Lincoln flower bed,[],[]
ACCESS Centro Médico San Rafael,[],[]
VA,[],[]
Anita Dee II,[],[]
Parking Garage,[],[]
Johnny's Ice House,[],[]
Picnic Grove B,[],[]
Austin Town Hall Park,[],[]
Menards,[],[]
Express Car Wash,[],[]
The Church of Jesus Christ of Latter-day Saints,[],[]
Bob's Discount Furniture,[],[]
Illinois Center for Rehabilitation and Education,[],[]
List of hospitals in Illinois,[],[]
Liberty Bank Customer Parking,[],[]
Senior Suites of Jefferson Park,[],[]
Golden Nugget,[],[]
United Fidelity Bank,[],[]
Bath House,[],[]
Farmer's Fridge,[],[]
Happy Foods,[],[]
Sammy's Red Hots,[],[]
Nissan,[],"['Tesla', 'H&M']"
Office Depot,[],['Staples']
Byron's Hot Dogs,[],[]
Methodist Old People's Home,[],[]
Anytime Fitness,[],[]
Cermak Produce,[],[]
Pete's Produce,[],[]
Malcolm X College,[],[]
Englewood Health Center Of Cook County,[],[]
StorageMart,[],[]
Goodyear,[],"['Tesla', 'Pep Boys', 'Firestone']"
Benevolent and Protective Order of Elks,[],[]
NAPA Auto Parts,[],"['Pep Boys', 'Carquest', 'Advance Auto Parts', ""O'Reilly Auto Parts""]"
Ronald McDonald House Charities,[],[]
Fuel Star,[],[]
Bernice's Tavern,[],[]
Embassy Suites,[],[]
Illinois Currency Exchange,[],[]
Las Fuentes,[],[]
Sports World,[],[]
Union Health Service,[],[]
Jerk Taco Man,[],[]
University of Chicago Laboratory Schools,[],[]
Chinatown Parking,[],[]
Abraham Lincoln Center,[],[]
Logan Square Family Health Center,[],[]
Plaza Jiminez,[],[]
Lot W5,[],[]
First Nations Bank,[],[]
Lot A3,[],[]
Lot 12,[],[]
Road Ranger,[],[]
Hancock High School (Chicago),[],[]
Lincoln Gardens,[],[]
DoubleTree,[],[]
Practice Green,[],[]
Commuter Parking,[],[]
IBEW,[],[]
Supermercado La Chiquita,[],[]
Fatso's Last Stand,[],[]
Smith Park Fieldhouse,[],[]
Hooters,[],"['Louisiana Famous Fried Chicken', ""Steak 'n Shake""]"
Robinson Woods South Picnic Shelter Grove 1,[],[]
Selfreliance Federal Credit Union,[],[]
Luquillo's Barbershop,[],[]
Resurrection Medical Center - Parking,[],[]
Safeguard Self Storage,[],[]
Midway Airport Cell Phone Lot,[],[]
The Room Place,[],[]
Hyundai,[],['Tesla']
Honda,[],['Tesla']
El Yunque,[],[]
Sherwood Park Fieldhouse,[],[]
Kennedy–King College,[],['Martin Luther King Jr.']
Swartzberg House,[],[]
Latin School of Chicago,[],[]
Jackson Park Inner Harbor,[],[]
South Shore Cultural Center,[],['Garfield Park (Chicago)']
VIP Lot D,[],[]
Hyatt Regency,[],[]
Mount Olive Cemetery,[],[]
William Howard Taft High School (Chicago),[],[]
Old Town Village East,[],[]
Park To Shop Supermarket,[],[]
Advocate Aurora Health,[],[]
Saint Procopius Elementary School,[],[]
Costco,[],['Starbucks Reserve']
Senn High School,[],[]
Faculty & Staff Parking,[],[]
Garfield Park (Chicago),[],"['Chicago Public Schools', 'Loyola University Chicago', 'The University of Chicago', 'Chicago Public Library', 'Illinois Institute of Art – Chicago', 'DePaul University', 'South Shore Cultural Center']"
Children's Developmental Institute,[],[]
Ping Tom Memorial Park,[],[]
La Quinta Inn,[],[]
Eppel‘s Restaurant,[],[]
Blink,[],[]
Christian Science Reading Room,[],[]
Apple Store,[],[]
Rainbow Pylon,[],[]
Eagle,[],[]
Louisiana Famous Fried Chicken,[],"[""Rosati's"", 'Shake Shack', ""Jersey Mike's Subs"", 'Pret A Manger', 'Panera Bread', 'Argo Tea', 'Blaze Pizza', ""Seattle's Best Coffee"", ""Arby's"", ""McDonald's"", 'Cinnabon', ""Church's Chicken"", ""Portillo's"", ""Nando's"", ""Wendy's"", ""Chuck E. Cheese's"", 'IHOP', 'Tropical Smoothie Cafe', 'Manchu Wok', ""Culver's"", ""Peet's Coffee"", 'Subway', ""Harold's Chicken Shack"", 'Sweetgreen', 'Chick-fil-A', 'The Halal Guys', 'Unos', 'Starbucks Reserve', 'Freshii', 'Au Bon Pain', 'Taco Bell', 'MOD Pizza', 'The Original Pancake House', ""Lou Malnati's Pizzeria"", 'Così', 'Vapiano', 'Popeyes', 'KFC', 'Little Caesars', 'White Castle', ""Dunkin'"", 'Insomnia Cookies', 'Panda Express', 'Einstein Bros. Bagels', ""Jimmy John's"", 'Dairy Queen', 'Hooters', 'Noodles & Company', 'Le Pain Quotidien', 'Five Guys', 'Pizza Hut', 'Starbucks', 'Burger King', 'Sbarro', ""Domino's"", ""Jet's Pizza"", 'Pollo Campero', 'Checkers', 'Home Run Inn', 'Chipotle', ""Giordano's Pizzeria"", 'Qdoba', ""Raising Cane's"", 'Jollibee', ""Auntie Anne's"", ""Steak 'n Shake"", 'TCBY', 'Baskin-Robbins', 'Cold Stone Creamery', ""Sarpino's Pizzeria"", 'Buffalo Wild Wings', 'Boston Market', 'Wingstop', 'Potbelly', 'Jamba', 'Corner Bakery', ""Jason's Deli""]"
75th and Coles Community Gardens,[],[]
Arby's,[],"[""Steak 'n Shake""]"
Floor & Decor,[],[]
Go Grocer,[],[]
South Shore High School (Chicago),[],[]
DHL,[],[]
Kong Dog,[],[]
Grant Park North Garage,[],[]
Super Mall,[],[]
Costco Gasoline,[],[]
First Savings Bank of Hegewisch,[],[]
Fairfield Inn & Suites,[],[]
Lot 11,[],[]
Buckingham North Comfort Station,[],[]
Westin,[],[]
Wyndham,[],[]
Chicago Lake Shore Hotel,[],[]
The Bowman and The Spearman,[],"['Four Seasons (Chagall)', 'Chicago Park District', 'Statue of Alexander von Humboldt (Chicago)', 'Washington Square Park (Chicago)']"
Hyatt Centric,[],[]
U-Stor-It,[],[]
Loyola University Chicago,[],[]
Calumet Park,[],[]
All Star,[],[]
Shop & Save Market,[],[]
Washington Square Park (Chicago),[],['Four Seasons (Chagall)']
Cabrales Auto Repair Service,[],[]
Bus Parking,[],[]
Richard J. Daley College,[],[]
Wilbur Wright College,[],[]
R.C.B Tire Shop,[],[]
Frances Xavier Warde School,[],[]
El Valor Carlos Cantu Children & Family Center,[],[]
Birrieria Ocotlan,[],[]
Our Lady of Grace School,[],[]
W Hotels,[],[]
Pullman Park Plaza,[],[]
Esporta Fitness,[],[]
NS 110th Street Yard,[],[]
Maine West High School,[],[]
Ray and Joan Kroc Community Center,[],[]
D,[],[]
Wilson Park Fieldhouse,[],[]
Michigan Avenue Bridge Dock,[],[]
Erie Neighborhood House,[],[]
claire's,[],[]
Yolk,[],[]
Courtyard,[],[]
Four Seasons (Chagall),[],"['Chicago Park District', 'The Bowman and The Spearman', 'Statue of Alexander von Humboldt (Chicago)', 'Washington Square Park (Chicago)']"
The Chicago Diner,[],[]
Uncommon Ground,[],[]
Rabbit,[],[]
Illinois Institute of Art – Chicago,[],[]
America's Dog,[],[]
Disney Store,[],[]
Taco Joint,[],[]
Magnolia Bakery Chicago,[],[]
Wow Bao,[],[]
Caffè Café,[],[]
Bath & Body Works,[],[]
Aaron Montgomery Ward,[],[]
Waldo Cooney's Pizza,[],[]
S@kura,[],[]
Cheetah Gym,[],[]
Francesca's,[],[]
Bed Bath & Beyond,[],['RBC']
Rhona Hoffman Gallery,[],[]
Taqueria Traspasada,[],[]
Jimmys Pizza Cafe,[],[]
Joe's Barber Shop,[],[]
Firecakes Donuts,[],[]
Gaslight Coffee Roasters,[],[]
Pastoral,[],[]
La Cabaña de Don Luis #3,[],[]
Miko's Italian Ice,[],[]
DSW,[],[]
Taco Fresco,[],[]
NYC Bagel Deli,[],[]
H&M,[],"['Zara', 'Nissan', 'Ford', 'Gap']"
Dom's Kitchen and Market,[],[]
Bentley's Pet Stuff,[],[]
HomeGoods,[],[]
Cafe Vienna,[],[]
BluPrint Fitness,[],[]
Vapiano,[],['MOD Pizza']
Raising Cane's,[],"[""Steak 'n Shake""]"
The Bongo Room,[],[]
Antique Taco Chiquito,[],[]
Computer Planet,[],[]
Falafel & Grill,[],[]
Art + Science,[],[]
Dante's Pizzeria,[],[]
Cafe L'Appetito,[],[]
LensCrafters,[],[]
Levi's,[],[]
Artemio's Bakery,[],[]
Buffalo Exchange,[],[]
Transit Tees,[],[]
Gallery Cafe,[],[]
Tom's,[],[]
Asia Nails,[],[]
Dimo's Pizza,[],[]
Shinola (retail company),[],[]
Señor Pan Cafe,[],[]
Wicker Park Fieldhouse,[],[]
Unique Thrift Store,[],[]
Beat Kitchen,[],[]
Neiman Marcus,[],[]
Xoco,[],[]
Kafenio Lavazza,[],[]
Epic Burger,[],[]
Danny's Liquors,[],[]
Zara,[],['H&M']
Grand Lux Cafe,[],[]
La Colonial,[],[]
Bang Bang Pie & Biscuits,[],[]
Sparrow,[],[]
The Spice Room,[],[]
Bulls with Maidens (World's Fair Bulls),[],[]
Brew Brew Coffee Lounge,[],[]
Benito Juárez,[],[]
Cow,[],[]
Lush,[],[]
Garfield's Beverage Company,[],[]
CorePower Yoga,[],[]
Kozy's Cyclery,[],[]
Manee Thai,[],[]
Rangoli,[],[]
Ipsento 606,[],[]
Shark's Fish and Chicken,[],[]
Italian Fiesta Pizzeria,[],[]
Admirals Club,[],[]
Lakeshore Athletic Club,[],[]
North Park Elementary School,[],[]
Teddy Bear Pre-School Number 3,[],[]
Sisters of Notre Dame School,[],[]
Strange Cargo,[],[]
Kuma's Corner - West Loop,[],[]
Goose Island Brewery,[],[]
CornerStone Cafe,[],[]
Regal Cinemas,[],['AMC']
Fame Cleaners,[],[]
Panaderia La Canasta,[],[]
Monk's Pub,[],[]
Ghareeb Nawaz,[],[]
Statue of Alexander von Humboldt (Chicago),[],[]
Friar Tuck,[],[]
Stand-Up Burgers,[],[]
Osco Drug,[],[]
Nookie's,[],[]
Mother's Room,[],[]
Sacred Heart School,[],[]
Saint Juliana Convent,[],[]
Saint James Lutheran School,[],[]
Independence Square Fountain,[],[]
Jollibee,[],"[""Steak 'n Shake""]"
Barnes & Noble,[],[]
Christians School,[],[]
Grace School,[],[]
Holy Rosary School,[],[]
Julian High School (Chicago),[],[]
Orr Academy High School,[],[]
Saint Adrian School,[],[]
Saint Adalbert School,[],[]
Saint Ladislaus School,[],[]
Christ the King Lutheran School,[],[]
Crickets Child and Infant Daycare Center,[],[]
American Islamic College,[],[]
Camelot School,[],[]
Bethel Lutheran School,[],[]
Bridgeport Academy North,[],[]
Debbies School of Beauty Culture,[],[]
Liberty Duty Free,[],[]
Chicago's Pizza,[],[]
JOANN Fabrics and Crafts,[],[]
CNN Newsstand,[],[]
Gethsemane Garden Center,[],[]
Manchu Wok,[],"['Panda Express', ""Steak 'n Shake""]"
The Great American Bagel Bakery,[],[]
TCBY,[],"['Baskin-Robbins', 'Cold Stone Creamery', ""Steak 'n Shake"", 'Dairy Queen']"
La Cocina,[],[]
Bockwinkel's,[],[]
Oakley,[],[]
Burrito Beach,[],[]
La Tapenade,[],[]
Metropolis Coffee,[],[]
O'Brien's,[],[]
Reggio's Pizza Express,[],[]
Rocky Mountain Chocolate Factory,[],[]
Sunglass Hut,[],[]
Tortas Frontera,[],[]
Wolfgang Puck Express,[],[]
Middle East Bakery & Grocery,[],[]
Graham Crackers Comics,[],[]
Village Thrift Store,[],[]
Lucky Striek Social,[],[]
Johnny Sprockets,[],[]
Fleet Feet,[],[]
Goodman Theatre,[],[]
South Loop Market,[],[]
Jason's Deli,[],"[""Steak 'n Shake""]"
Interconnected,[],[]
Sultan's Market,[],[]
Global Grounds Cafe,[],[]
Cafe Bella,[],[]
Roundhouse 66,[],[]
Bar On Buena,[],[]
Crate & Barrel,[],[]
Dulce Landia,[],[]
Jeffery Dollar Store,[],[]
Cafe Jumping Bean,[],[]
Pizza Capri,[],[]
First Slice,[],[]
Huck Finn Restaurant,[],[]
Bridgeport Coffeehouse,[],[]
Veruca Chocolates,[],[]
European Wax Center,[],[]
Bombay Wraps,[],[]
Caffe Umbria,[],[]
Blackwood BBQ,[],[]
Bombon,[],[]
Bonchon Chicken,[],[]
Cafe El Meson 2,[],[]
Cafe L’Appetito,[],[]
Cafe LAppetito Lakeview,[],[]
Cafeteria Marcelas,[],[]
Caffè RōM,[],[]
Bel-Ami,[],[]
Eataly,[],[]
Brown Sugar Bakery,[],[]
Hello Jasmine,[],[]
Carnitas Uruapan Restaurant,[],[]
Carnivale,[],[]
Central Baking Supplies,[],[]
Chiu Quon Bakery and Dim Sum,[],[]
Coffee Cats,[],[]
Department of Coffee and Social Affairs,[],[]
Black Sheep,[],[]
Arbor,[],[]
Broken English Taco Pub,[],[]
Lotus Bahn Mi,[],[]
Everybody's Coffee,[],[]
American Girl Place,[],[]
Kilwins,[],[]
First Aid Comics,[],[]
Terminal Gateway Spa,[],[]
Limitless Coffee & Tea,[],[]
Fatpour Tap Works,[],[]
Pizza Nova Express,[],[]
The Jibarito Stop,[],[]
RBC,[],"['Fifth Third Bank', 'Bank of America', 'Clark', 'Bed Bath & Beyond', 'U.S. Bank', 'Citibank', 'PNC Bank', 'CIBC']"
The Roost Carolina Kitchen,[],[]
East of the Ryan,[],[]
Steak 'n Shake,[],"['Little Caesars', 'Billy Goat Tavern', 'Manchu Wok', 'White Castle', 'Shake Shack', ""Culver's"", ""Dunkin'"", 'Insomnia Cookies', ""Raising Cane's"", ""Peet's Coffee"", 'Subway', 'Sweetgreen', ""Harold's Chicken Shack"", 'Panda Express', 'Chick-fil-A', 'Jollibee', ""Auntie Anne's"", 'Louisiana Famous Fried Chicken', 'The Halal Guys', 'TCBY', 'Einstein Bros. Bagels', ""Jimmy John's"", 'Dairy Queen', 'Starbucks Reserve', 'Hooters', 'Au Bon Pain', 'Noodles & Company', 'Taco Bell', 'MOD Pizza', 'Five Guys', 'The Original Pancake House', 'Baskin-Robbins', 'Starbucks', 'Cold Stone Creamery', ""Jersey Mike's Subs"", 'Pizza Hut', 'Burger King', 'Sbarro', ""Domino's"", 'Panera Bread', 'Argo Tea', 'Blaze Pizza', ""Seattle's Best Coffee"", ""Arby's"", ""McDonald's"", 'Boston Market', 'Cinnabon', 'Wingstop', 'Checkers', ""Church's Chicken"", 'Così', 'Potbelly', 'Chipotle', ""Portillo's"", ""Wendy's"", 'Jamba', 'Qdoba', 'Corner Bakery', 'Popeyes', ""Jason's Deli"", 'KFC', 'IHOP', 'Tropical Smoothie Cafe']"
Beatrix Market,[],[]
MingHin Cuisine,[],[]
Fresh Farms International Market,[],[]
Banfield Pet Hospital,[],[]
Devon Market,[],[]
Emporium - Logan Square,[],[]
Big Star,[],[]
Nob’s Wine Bar,[],[]
The Dawson,[],[]
World Fresh Market,[],[]
Little Bucharest Bistro,[],[]
Longman & Eagle,[],[]
Seattle's Best Coffee,[],"[""Peet's Coffee"", 'Pret A Manger', 'Philz Coffee', ""Dunkin'"", ""McDonald's"", 'Starbucks Reserve', 'Au Bon Pain', 'La Colombe Coffee']"
Mojo Coffee,[],[]
The Duck Inn,[],[]
Nighthawk Chicago,[],[]
Pottery Barn,[],[]
Flat Top Grill,[],[]
MOD Pizza,[],"['Home Run Inn', 'Little Caesars', 'Pizza Hut', ""Lou Malnati's Pizzeria"", ""Chuck E. Cheese's"", 'Sbarro', ""Giordano's Pizzeria"", ""Domino's"", ""Sarpino's Pizzeria"", 'Vapiano', ""Rosati's"", 'Blaze Pizza', ""Jet's Pizza"", 'Gino’s East', 'Unos', 'Starbucks Reserve']"
etta,[],[]
Spirit of the Red Horse,[],[]
Gift Shop,[],[]
Summer House Santa Monica,[],[]
Restaurante Cuetzala Gro,[],[]
Su Taqueria El Rey Del Taco y Sus Mariscos,[],[]
Majani,[],[]
The Corner Farmacy,[],[]
The Budlong Hot Chicken,[],[]
Sweet Mandy B’s,[],[]
Royal Coffee,[],[]
Flo,[],[]
Fogo de Chão Brazilian Steakhouse,[],[]
Gordo’s,[],[]
Hannah’s Bretzel,[],[]
Salgado's Bakery,[],[]
Ideal Pastry,[],[]
Soule,[],[]
Park West,[],[]
Spoken Word Cafe,[],[]
Pompeii,[],[]
RAMEN-SAN,[],[]
Stanley's,[],[]
Roanoke Restaurant,[],[]
The Revel Room,[],[]
Reggies Music Joint,[],[]
Rosa's Lounge,[],[]
Roti Modern Mediterranean,[],[]
West Town Bakery,[],[]
Two Mile Coffee Bar. Co,[],[]
Roots Handmade Pizza,[],[]
eVgo,[],[]
Dick's Sporting Goods,[],[]
Aloft,[],[]
Grand Plaza,[],[]
Brighter Dental of South Loop,[],[]
Jefferson Tap & Grille,[],[]
Sedgwick Stop,[],[]
Sully's House,[],[]
Chinese Kitchen,[],[]
Lee Nail Salon,[],[]
Arami,[],[]
Martin Luther King Jr.,[],"['YMCA', 'USPS', 'Kennedy–King College']"
Starbucks Reserve,[],"['Au Bon Pain', 'UPS', 'Pret A Manger', 'Costco', 'Bank of America', 'Amazon', 'Philz Coffee', ""Seattle's Best Coffee"", 'Public Storage', ""Dunkin'"", 'Cinnabon', ""McDonald's"", 'Best Buy', ""Peet's Coffee"", 'La Colombe Coffee', 'MOD Pizza']"
Chicago Sports,[],[]
Bin 5700,[],[]
Chicago News,[],[]
Magic Touch Nail Salon & Spa,[],[]
Roseland Senior Housing Center,[],[]
West Town Bakery & Diner,[],[]
Dollop,[],[]
Boston Market,[],[]
Sunny Nails,[],[]
Family Dental,[],[]
Usmania,[],[]
Così,[],[]
Cellar Door Provisions,[],[]
Tropical Optical,[],[]
Ramen MisoYa,[],[]
Velvet Taco,[],[]
Shamrock Club,[],[]
Bottles and Cans,[],[]
The Container Store,[],[]
Tesla,[],"['Nissan', 'Audi', 'Toyota', 'Honda', 'Chevrolet', 'Dodge', 'Hyundai', 'USPS', 'Ford', 'Goodyear', 'Tesla Supercharger', 'Firestone']"
Vans,[],[]
"Dr. Martin Luther King, Jr. Family Entertainment Center",[],[]
Goodwill,[],[]
Porkchop,[],[]
Miracle-Ear,[],[]
AmeriCash Loans,[],[]
Crossfit Chisel,[],[]
Saucy Porka,[],[]
Avis,[],[]
The Moonlighter,[],[]
The Corned Beef Factory Sandwich Shop,[],[]
Meli Cafe,[],[]
Palace Grill Restaurant,[],[]
Bodega,[],[]
Chicago Raw,[],[]
Beatrix,[],[]
Left Coast Food,[],[]
Waterhouse,[],[]
Aloha Pokē Co,[],[]
Bombobar - West Loop,[],[]
Old Crow Smokehouse - River North,[],[]
IDOF - I Dream Of Falafel,[],[]
Emporium Arcade Bar,[],[]
Capriotti's Sandwich Shop,[],[]
Lucky's Cafe,[],[]
Knead,[],[]
Kizuki Ramen & Izakaya,[],[]
Penny's Noodle Shop,[],[]
Brasa Roja,[],[]
Smith & Wollensky,[],[]
Seahorse 2,[],[]
Grand Plaza Parking,[],[]
parking 10$,[],[]
Sawada Coffee,[],[]
Riva Crabhouse,[],[]
Strings Ramen,[],[]
Brightwok Kitchen,[],[]
River Roast,[],[]
TITLE Boxing Club,[],[]
Carquest,[],[]
Food Town,[],[]
Bourbon On Division,[],[]
Uncle Remus,[],[]
Budget,[],[]
Local Foods,[],[]
Chicago Waldorf School - Buttercup Room,[],[]
Vaughan’s Pub - Lakeview,[],[]
bopNgrill,[],[]
Parlor Pizza Bar - Wicker Park,[],[]
Windy Kitty Cat Cafe,[],[]
Congress Plaza Garden - North,[],[]
